#,Song,Artist,BPM,Camelot,Energy,Added At,Duration,Popularity,Genres,Album,Album Date,Dance,Acoustic,Instrumental,Valence,Speech,Live,Loud (Db),Key,Time Signature,Spotify Track Id,ISRC,Explicit
1,"Check It","Kim Petras",130,9B,54,2026-07-27,01:51,63,"","Detour",2026-05-29,89,13,0,69,0,10,-4,G Major,4,19rfMsVgNEtTYo6D40Ujv0,QM7282619966,no
2,"Filter","JENNIE",187,10B,80,2026-07-27,02:31,68,"k-pop","Ruby",2025-03-07,52,1,0,14,10,20,-6,D Major,3,104KjF0t9EnlFOoxGLxiSQ,USQX92500270,yes
3,"Gone Gone Gone","David Guetta,Teddy Swims,Tones And I",131,10A,77,2026-07-27,03:18,83,"edm, ","Gone Gone Gone",2025-10-10,62,3,0,54,0,60,-6,B Minor,4,3Dy4xsff7c0fRaTJpA54yd,UKWLG2500132,no
4,"FEARLESS (2023 Ver.)","LE SSERAFIM",104,9B,62,2026-07-27,02:48,64,"k-pop","UNFORGIVEN",2023-05-01,86,6,0,48,10,10,-7,G Major,4,4K8jDTlNhZWEdnzZVGRMtN,USA2P2310660,no
5,"adore u","Fred again..,Obongjayar",124,8B,87,2026-07-27,03:40,70,"stutter house, house, edm, alté","ten days",2024-09-06,75,58,0,68,0,10,-7,C Major,4,1rf4SX7dduNbrNnOmupLzi,GBAHS2300908,no
6,"Dancing On Your Grave","Madeon",140,7B,89,2026-07-27,03:59,57,"edm, french house, electropop","Victory",2026-06-26,55,1,0,65,10,40,-3,F Major,4,27wf35YaITI253B422d2o7,USQE92600061,no
7,"Ocean","FISHER,AR/CO",128,8A,98,2026-07-27,03:16,68,"tech house, house, afro house","Ocean",2024-11-29,68,0,45,77,0,70,-5,A Minor,4,6jhAJgaS9OttFwP5Cn8WII,USCRR2400013,no
8,"New Jeans","NewJeans",134,9A,72,2026-07-27,01:48,81,"k-pop","NewJeans 'Super Shy'",2023-07-07,81,51,0,53,0,10,-6,E Minor,4,6rdkCkjk6D12xRpdMXy0I2,USA2P2330067,no
9,"Just The Way You Are","Milky",130,4B,97,2026-07-27,03:30,87,"","Just The Way You Are",2002-10-04,67,0,1,97,0,20,-4,G#/A♭ Major,4,7K3Lc3TfSR14aTOjIH7TUj,ITC330200008,no
10,"Eve, Psyche & the Bluebeard’s wife (English Ver.)","LE SSERAFIM",143,1B,87,2026-07-27,03:06,49,"k-pop","Eve, Psyche & the Bluebeard’s wife (English Ver.)",2023-07-06,69,5,0,70,10,0,-5,B Major,4,1xaLyNaaZC3i5tmaDAWP76,USA2P2334139,no
11,"Beautiful People","David Guetta,Sia",127,8A,76,2026-07-27,03:07,82,"edm, ","Beautiful People",2025-03-07,74,11,0,42,0,10,-5,A Minor,4,4TwEdnSiTPDR1vg1QZ5K8W,UKWLG2500016,no
12,"Reflections","The Neighbourhood",114,10A,59,2026-07-27,04:04,89,"","Hard To Imagine The Neighbourhood Ever Changing",2018-11-02,65,11,5,54,0,10,-7,B Minor,4,2xql0pid3EUwW38AsywxhV,USSM11800527,no
13,"Elastigirl","LISA",136,7B,92,2026-07-27,02:57,60,"k-pop","Alter Ego",2025-02-26,79,34,3,97,0,30,-6,F Major,4,06M8pFZINrTbaYvn76JAIK,USRC12403306,no
14,"CRAZY (English ver.)","LE SSERAFIM",130,10A,91,2026-07-27,02:44,60,"k-pop","CRAZY (Party Remixes 1)",2024-09-02,80,1,0,54,10,10,-2,B Minor,4,69MMbwpvp5I9QTIzJeinpe,USA2P2457421,no
15,"I Think I Left the Stove On","Hotel Ugly",140,12A,71,2026-07-27,03:22,75,"","I Think I Left the Stove On",2022-07-14,77,45,1,80,0,10,-7,C♯/D♭ Minor,4,34HgIvucTKJvDgzHVMaGLG,TCAGH2250989,no
16,"a thousand years","Christina Perri",139,6B,41,2026-07-27,04:45,87,"soft pop","a thousand years",2011-10-18,42,31,0,16,0,10,-7,A#/B♭ Major,3,6lanRgr6wXibZr8KgzXxBl,USAT21102141,no
17,"Pool - Gravagerz Version - Sped Up","Gravagerz,kiki wera",155,5B,76,2026-07-27,01:57,58,"","Pool (Gravagerz Version - Sped Up & Slowed Down)",2025-05-16,65,49,11,35,10,10,-8,D#/E♭ Major,4,0yQOKvmYpZDzMmOMS9qY1u,GBARL2500663,yes
18,"What Took You So Long (Mixed)","Armin van Buuren,Gryffin",138,5A,88,2026-07-27,02:33,47,"trance, progressive trance, progressive house, electronica, edm, melodic bass, future bass","A State of Trance 25 Years: Selected Highlights (Mixed by Armin van Buuren)",2026-06-05,53,2,18,13,0,10,-13,C Minor,4,4SM2tVYYUtFVM0R8fib7Sl,NLF712603106,no
19,"Space Song","Beach House",147,5A,79,2026-07-27,05:20,79,"dream pop","Depression Cherry",2015-08-28,51,23,12,60,0,10,-7,C Minor,4,7H0ya83CMmgFcOhw0UB6ow,USSUB1512203,no
20,"Assumptions","Sam Gellaitry",126,1B,82,2026-07-27,03:40,68,"","Assumptions (Jengi Remix)",2023-02-10,64,12,0,44,20,10,-5,B Major,4,2vTmp13DDKIRWTHPRYNfEh,GBAYE2100388,no
21,"Tick-Tack","ILLIT",130,10B,75,2026-07-27,02:09,81,"k-pop","I'LL LIKE YOU",2024-10-21,87,14,0,96,0,0,-4,D Major,4,0znsc67nMhP4X9hjhvoyeP,USA2P2458812,no
22,"Nothing Really Matters","Madonna",117,8B,71,2026-07-27,04:27,61,"","Ray of Light",1998-03-03,71,5,1,25,0,0,-7,C Major,4,6bZPQHvekmIFBZZB7nMB5X,USWB19701741,no
23,"Push It","Disco Lines,Maesic,Mason,Princess Superstar",129,8B,99,2026-07-27,02:09,67,"stutter house, afro house, electroclash","Push It",2026-06-12,79,0,63,96,0,20,-5,C Major,4,5Ef5Df4m9y7X4ixO4TgBWy,NLF712603295,no
24,"Show Me Love (with Tyla)","WizTheMc,bees & honey,Tyla",107,4A,74,2026-07-27,02:56,82,"afrobeats","Show Me Love (with Tyla)",2025-04-18,67,2,0,21,0,10,-5,F Minor,4,22YkP95GjCfXkWKyU5k1zZ,DE1FB2500135,no
25,"I Don't Search I Find","Madonna",122,2B,71,2026-07-27,04:08,48,"","Madame X",2019-00-00,56,0,55,21,0,10,-6,F#/G♭ Major,4,4ZZYo15dSk4PkuN5MPEzQp,USUG11900863,no
26,"Shape of You","Ed Sheeran",96,12A,65,2026-07-27,03:53,92,"soft pop","÷ (Deluxe)",2017-03-03,83,58,0,93,0,0,-3,C♯/D♭ Minor,4,7qiZfU4dY1lWllzX7mPBI3,GBAHS1600463,no
27,"Angel City","Punctual,Beachcrimes",132,8A,88,2026-07-27,02:43,55,"","Angel City",2026-07-02,67,1,5,36,0,10,-5,A Minor,4,1wqVFC38UMEYUrB6HlnUep,CA6D22600325,no
28,"Love Sensation","Madonna",124,8B,90,2026-07-27,03:47,77,"","CONFESSIONS II",2026-07-03,66,2,0,64,10,20,-7,C Major,4,1ViHUUTbkDgS9iyLmWgIYt,USWB12600230,no
29,"Seoul City","JENNIE",77,7B,56,2026-07-27,02:44,75,"k-pop","Ruby",2025-03-05,67,8,0,26,0,10,-6,F Major,4,4zUob9iYFS9TgAR0hgo5pR,USQX92500271,no
30,"Walk of Fame (feat. Brittany Howard) - Edit","Miley Cyrus,Brittany Howard",128,3A,94,2026-07-27,03:37,63,"","Walk of Fame (feat. Brittany Howard) [Edit]",2025-05-28,57,1,0,86,0,50,-3,A#/B♭ Minor,4,22tmzHt5QJ2sMKJefaqkjn,USSM12502362,no
31,"Whatever","Kygo,Ava Max",108,5A,77,2026-07-27,02:58,74,"tropical house, ","KYGO",2024-06-21,58,12,0,62,0,30,-6,C Minor,4,4rTPLtqJxa4UtCBkdMwSp6,USRC12302637,no
32,"Cookie","NewJeans",157,8B,64,2026-07-27,03:55,77,"k-pop","NewJeans 1st EP 'New Jeans'",2022-08-01,85,6,0,66,0,0,-4,C Major,4,2DwUdMJ5uxv20EhAildreg,USA2P2230223,no
33,"Adventure of a Lifetime","Coldplay",112,9B,92,2026-07-27,04:23,89,"","A Head Full of Dreams",2015-12-04,64,0,0,53,0,10,-4,G Major,4,69uxyAqqPIsUyTO8txoP2M,GBAYE1500981,no
34,"Feels Like","Disco Lines,Pardi",126,4A,81,2026-07-27,03:23,37,"stutter house, ","Feels Like",2020-04-12,80,30,0,50,0,70,-3,F Minor,4,18Ftg87EW3cPeOtfjfRtQS,QZFZ62058395,no
35,"No Type","HAYDO",137,10B,78,2026-07-27,02:36,67,"","No Type",2025-10-03,77,1,0,43,0,10,-4,D Major,4,0u66zPJ2e2QDiuwwdyFDIG,QMFME2590452,yes
36,"If It's Not Love - Zerb VIP Mix","Zerb,Rita Ora",127,4B,81,2026-07-27,02:55,35,"afro house, ","If It's Not Love: REFRESHED",2026-06-19,70,0,47,24,0,30,-6,G#/A♭ Major,4,2LycfphxSTycUQFkzCf0po,NL3M12602963,no
37,"nobody (make me feel)","oskar med k,Khalid",125,11A,65,2026-07-27,02:45,73,"stutter house, ","nobody (make me feel)",2025-09-19,60,27,0,46,20,10,-8,F#/G♭ Minor,4,72qknjLxZXE6iE6h27sIHY,DEKF22501273,no
38,"Basic Being Basic","Djo",122,2B,59,2026-07-27,02:38,73,"","The Crux",2025-04-04,86,12,0,94,0,0,-5,F#/G♭ Major,4,2jjwQENSoGnYbQEK4acuC6,QMFMF2426857,no
39,"Better When I'm Dancin'","Meghan Trainor",128,10B,82,2026-07-27,02:56,71,"","Title (10th Anniversary Edition)",2025-03-28,76,57,0,86,0,20,-6,D Major,4,151pHp99ciTnpmdPCvgLbe,USSM11506387,no
40,"Do You Mind","Galantis",128,4A,73,2026-07-27,03:07,66,"","Do You Mind",2026-07-01,75,14,0,23,0,30,-8,F Minor,4,7wP2y4niJpt6ddP7dYULMC,GBCFB2600082,no
41,"BOOMPALA (KIM CHAEWON ver.)","LE SSERAFIM",138,9B,93,2026-07-27,02:44,41,"k-pop","BOOMPALA (LE SSERAFIM Packages)",2026-05-25,70,3,0,78,10,30,-4,G Major,4,1nzVapIAHsambwMsbzRjKx,USA2P2628410,no
42,"Revolving door","Tate McRae",148,2B,74,2026-07-27,03:00,83,"","So Close To What",2025-02-21,45,35,0,18,20,10,-6,F#/G♭ Major,4,541sN2qNfIlllGn9nGOQoC,USRC12403577,yes
43,"Get Busy - Odd Mob Club Mix","Sean Paul,Odd Mob",132,10A,94,2026-07-27,02:45,73,"dancehall, tech house, bass house","Get Busy (Odd Mob Club Mix)",2024-05-24,77,0,0,62,10,10,-6,B Minor,4,6u6vaQoR0IXCWRSOP7h7D6,USAT22400662,no
44,"What Makes You Beautiful","One Direction",125,12B,79,2026-07-27,03:19,89,"","Up All Night",2012-05-25,73,1,0,89,0,0,-2,E Major,4,4cluDES4hQEUhmXj6TXkSo,GBHMU1100018,no
45,"BANG BANG","IVE",152,8B,90,2026-07-27,02:58,72,"k-pop","REVIVE+",2026-02-23,63,1,0,41,10,30,-3,C Major,4,5VtwUrgljtOyBa773AGSr4,US6R22573267,no
46,"RWEOK?","Disco Lines,demotapes",127,11A,94,2026-07-27,02:27,55,"stutter house","RWEOK?",2023-07-28,67,2,65,10,0,0,-5,F#/G♭ Minor,4,2YhEJoYccyE5wpdAkZWbPk,QM24S2304918,no
47,"Loser","Tame Impala",83,3A,76,2026-07-27,03:43,72,"neo-psychedelic, indie","Deadbeat",2025-10-17,61,2,0,82,0,0,-4,A#/B♭ Minor,4,7bxaFZ1O3cHkgLKMsdC3xR,USQX92504224,yes
48,"It Feels So Good","Matt Sassari,HUGEL,Sonique",128,4A,82,2026-07-27,02:40,82,"tech house, latin house, afro house, techengue, house, ","It Feels So Good",2024-11-01,70,0,0,84,0,20,-6,F Minor,4,7xFy1kfgGWJWTpx1vSHBLi,GBHAD2400076,no
49,"SANITY","Adam Lambert",97,3B,88,2026-07-27,03:24,52,"","ADAM",2026-07-10,53,0,1,49,0,0,-4,C♯/D♭ Major,4,1ohKgqpK8otkelwmgJMgAZ,QM6N22648106,no
50,"Sweet Boy","Malcolm Todd",88,4A,37,2026-07-27,03:00,89,"","Sweet Boy",2024-04-05,77,37,0,71,0,30,-10,F Minor,4,59c2xv2kMzYM6HR9oY6BIa,USSM12306221,yes
51,"Take Me (To The Moon)","Ian Asher,D A N N Y",175,12A,80,2026-07-27,02:38,82,"","Take Me (To The Moon)",2026-06-05,55,8,17,10,0,30,-6,C♯/D♭ Minor,4,79BY6QNQu7FeL6DnaKu5wT,CA5KR2656341,no
52,"Empty","DubVision,Martin Garrix,Jaimes",127,12A,92,2026-07-27,03:18,46,"progressive house, big room, edm, electronica, ","Another World",2024-07-26,50,0,0,14,0,10,-4,C♯/D♭ Minor,4,2uNwaXIVVfAIzL1HmcUxSz,NLM5S2402172,no
53,"Magnetic","ILLIT",131,2B,67,2026-07-27,02:40,86,"k-pop","SUPER REAL ME",2024-03-25,80,26,0,69,0,0,-6,F#/G♭ Major,4,1aKvZDoLGkNMxoRYgkckZG,USA2P2413259,no
54,"BOOMPALA (SAKURA ver.)","LE SSERAFIM",116,4B,90,2026-07-27,02:33,44,"k-pop","BOOMPALA (LE SSERAFIM Packages)",2026-05-25,78,16,0,75,0,10,-3,G#/A♭ Major,4,3tzP8T87PQr1k1XIVyRMFT,USA2P2628411,no
55,"Come a Little Closer","Cage The Elephant",148,12A,78,2026-07-27,03:49,78,"","Melophobia",2013-10-08,44,3,0,30,0,10,-2,C♯/D♭ Minor,4,4sebUbjqbcgDSwG6PbSGI0,USRC11301144,no
56,"Stargazing","Myles Smith",124,12A,61,2026-07-27,02:52,83,"","My Mess, My Heart, My Life.",2026-06-19,64,26,0,35,0,10,-6,C♯/D♭ Minor,4,7hk9hVBgdKCbkQOnjxl8bC,GBARL2400510,no
57,"FaSHioN","CORTIS",77,6A,85,2026-07-27,02:54,85,"k-pop","COLOR OUTSIDE THE LINES",2025-09-08,63,1,0,25,10,30,-4,G Minor,4,4ecdsGz3Hg6TKPwQ0ZOdJz,USA2P2536189,no
58,"COMING OF AGE","METTE",117,10B,72,2026-07-27,04:08,57,"","COMING OF AGE",2026-04-03,71,1,0,36,0,20,-6,D Major,4,7nAguwk4MKZQL6dvQOEUdH,US3DF2623341,no
59,"BOOMPALA (HONG EUNCHAE ver.)","LE SSERAFIM",134,1B,91,2026-07-27,03:40,40,"k-pop","BOOMPALA (LE SSERAFIM Packages)",2026-05-25,44,35,85,55,0,10,-6,B Major,4,0TKHPjXbQoDZXM5tqUGbuj,USA2P2628414,no
60,"Think About Us - VIP Mix","Sonny Fodera,D.O.D,Poppy Baskcomb",132,3A,80,2026-07-27,02:42,60,"house","Think About Us (VIP Mix)",2026-01-09,76,2,1,36,0,10,-7,A#/B♭ Minor,4,4bzg313TTEN9z17oQDJJqY,US39N2572402,no
61,"I Only Smoke When I Drink","nimino",127,10A,73,2026-07-27,03:18,79,"stutter house, melodic house","I Only Smoke When I Drink",2024-08-22,88,33,1,25,10,10,-6,B Minor,4,39glDGcpBhLVMSsQhvtqHR,GBCFB2400907,no
62,"Electric Feel","MGMT",103,3B,80,2026-07-27,03:49,84,"indie","Oracular Spectacular",2007-12-14,76,7,28,56,0,30,-4,C♯/D♭ Major,3,3FtYbEfBqAlGO46NUDQSAt,USSM10702131,no
63,"Knee Socks","Arctic Monkeys",98,10A,54,2026-07-27,04:17,79,"indie, garage rock","AM",2013-09-09,67,12,0,59,0,30,-8,B Minor,4,2LGdO5MtFdyphi2EihANZG,GBCEL1300372,no
64,"Four To The Floor","Ofenbach,Starsailor",130,11B,86,2026-07-27,03:32,72,"britpop","Four To The Floor",2026-05-29,66,0,0,12,0,10,-5,A Major,4,4UrHXNvA6u7Wb68nhjCK20,FR9W12622909,no
65,"Lemon Tang","Hearts2Hearts",125,11B,84,2026-07-27,02:43,82,"k-pop","Lemon Tang - The 2nd Mini Album",2026-06-22,68,1,0,71,10,30,-5,A Major,4,0NGFAcYQVHCIdQea2qSs1I,KRA302600232,no
66,"Alter Ego","Tame Impala",129,8B,85,2026-07-27,04:47,64,"neo-psychedelic, indie","InnerSpeaker",2010-05-21,32,1,13,20,0,10,-4,C Major,4,6SmV1Oo24nCZBPzIYkL4HZ,AUUM71000133,no
67,"Dorada - Golden - versión en español","HUNTR/X,Azul Botticher,Karin Zavala,Tatul Bernodat,KPop Demon Hunters Cast",123,9A,71,2026-07-27,03:12,70,"k-pop","Golden (from the Netflix film KPop Demon Hunters)",2025-06-19,77,19,0,9,0,30,-4,E Minor,4,03x2Hzommc7gHp1rqh0xBC,QZ8BZ2514415,no
68,"SOLO","JENNIE",95,2A,64,2026-07-27,02:49,71,"k-pop","SOLO",2018-11-12,75,9,0,39,0,10,-5,D#/E♭ Minor,4,2wVDWtLKXunswWecARNILj,KRA401800139,no
69,"You & Me - Rivo Remix","Disclosure,Rivo,Eliza Doolittle",122,3A,80,2026-07-27,03:28,84,"house, afro house, ","You & Me (Rivo Remix)",2023-12-22,70,58,50,4,0,10,-7,A#/B♭ Minor,4,0xoYZ45fgTfyQYREZPN7Sa,GBUM72310662,no
70,"What It Sounds Like - Sing-Along","HUNTR/X,EJAE,AUDREY NUNA,REI AMI,KPop Demon Hunters Cast",121,12A,71,2026-07-27,04:11,45,"k-pop","KPop Demon Hunters (Soundtrack from the Netflix Film / Deluxe Version)",2025-09-05,38,1,14,14,0,0,-7,C♯/D♭ Minor,4,2LdY7WUnzPhUT3iabMbogV,QZ8BZ2514650,no
71,"Papaoutai - Afro Soul","mikeeysmind,Chill77,Unjaps",101,1A,47,2026-07-27,04:40,84,"afro soul","Papaoutai (Afro Soul)",2025-12-20,58,52,0,49,0,10,-12,G#/A♭ Minor,4,2pwED7E7gGr3UR7T3s3LSM,QT6G42596182,no
72,"One More Hour","Tame Impala",102,12B,40,2026-07-27,07:12,77,"neo-psychedelic, indie","The Slow Rush",2020-02-14,65,11,11,32,0,10,-9,E Major,4,0mO6oS60RST2sWmN2FKknP,AUUM71900935,no
73,"Like A G6","Far East Movement,The Cataracs,DEV",165,6A,84,2026-07-27,03:36,76,"","Free Wired",2010-01-01,36,1,0,78,40,10,-8,G Minor,5,4DvhkX2ic4zWkQeWMwQ2qf,USUM71008138,no
74,"Soda Pop - Tagalog","Saja Boys,Marc Peter Baluyan,Daryl Reyes,Andrei Ayson,Cocoy Del Valle,KPop Demon Hunters Cast",126,8B,84,2026-07-27,02:29,37,"k-pop","Soda Pop",2025-06-19,79,10,0,69,0,0,-4,C Major,4,3zDxRcTLnDDNXkr45aK3sQ,QZ8BZ2515215,no
75,"FADE","Alesso,Pendulum",132,12A,91,2026-07-27,02:58,64,"edm, drum and bass, dubstep","FADE",2026-02-06,54,2,0,22,0,10,-3,C♯/D♭ Minor,4,1ZpzOXJwRbvKgYK2XBVRfi,USUG12600289,no
76,"Superscar","ADÉLA",125,11A,75,2026-07-27,03:14,67,"","The Provocateur",2025-08-22,67,8,0,62,0,10,-5,F#/G♭ Minor,4,1UymCJrYWtsFFg70YUvh6K,QZWFK2498985,no
77,"One More Year","Tame Impala",114,3B,88,2026-07-27,05:24,61,"neo-psychedelic, indie","The Slow Rush",2020-02-14,60,6,46,49,0,20,-5,C♯/D♭ Major,4,5ozqshq2dtU7SYCpCBu0NE,AUUM71900926,no
78,"I Feel It Coming","The Weeknd,Daft Punk",93,5A,82,2026-07-27,04:29,83,"french house, electronic, electro","Starboy",2016-11-24,77,43,0,59,10,0,-6,C Minor,4,5GXAXm5YOmYT0kL5jHvYBt,USUG11600996,no
79,"Tattoo","Loreen",150,2A,79,2026-07-27,03:03,75,"europop","WILDFIRE",2026-03-27,54,24,0,31,0,10,-6,D#/E♭ Minor,4,7tostJTMXhaRiVLTTXcvhe,SEUM72201638,no
80,"Wellerman - Sea Shanty","Nathan Evans",192,5B,36,2026-07-27,02:36,71,"sea shanties","Wellerman - The Album",2022-11-04,68,62,0,79,10,10,-5,D#/E♭ Major,4,0WoQSoNO40qdY3j6PxMy4b,GBUM72100297,no
81,"Prologue (Hunter’s Mantra)","Marcelo Zarvos,EJAE",160,9A,80,2026-07-27,01:36,61,"","KPop Demon Hunters (Soundtrack from the Netflix Film / Deluxe Version)",2025-09-05,22,12,2,9,0,0,-7,E Minor,4,0FtKxO7DnsJIJj3a0Qed8w,QZ8BZ2514659,no
82,"Habits (Stay High) - Hippie Sabotage Remix","Tove Lo,Hippie Sabotage",121,9A,69,2026-07-27,04:18,70,"","Queen Of The Clouds",2014-01-01,74,0,87,7,0,0,-8,E Minor,4,62N2JSA0jHmSH7Va9t7hIf,SEUM71401250,no
83,"PINKY UP","KATSEYE",152,3A,88,2026-07-27,02:11,90,"k-pop","PINKY UP",2026-04-09,84,1,0,58,10,10,-5,A#/B♭ Minor,4,4KmkJjHTNlr1jFY56Lyz4E,USUM72601592,yes
84,"Elizabeth Taylor","Taylor Swift",82,10B,63,2026-07-27,03:28,84,"","The Life of a Showgirl",2025-10-03,62,36,0,56,0,10,-7,D Major,4,1jgTiNob5cVyXeJ3WgX5bL,USUG12506437,no
85,"List Of People (To Try And Forget About)","Tame Impala",95,6B,79,2026-07-27,04:39,66,"neo-psychedelic, indie","Currents B-Sides & Remixes",2017-11-16,41,9,0,20,0,10,-6,A#/B♭ Major,4,01iiEi9h8CQGUN2K1xBbTj,AUUM71700373,no
86,"Counting Stars","OneRepublic",122,12A,71,2026-07-27,04:17,91,"soft pop","Native",2013-01-01,66,7,0,47,0,10,-5,C♯/D♭ Minor,4,2tpWsVSb9UEmDRxAl1zhX1,USUM71301306,no
87,"Wait a Minute!","WILLOW",101,2A,71,2026-07-27,03:16,87,"","ARDIPITHECUS",2015-01-11,76,4,0,67,0,0,-5,D#/E♭ Minor,4,0y60itmpH0aPKsFiGxmtnh,QMJMT1500801,no
88,"Sunrise","Sick Individuals",129,1A,97,2026-07-27,03:08,49,"big room, progressive house, edm","Sunrise",2026-04-24,52,3,6,59,0,40,-3,G#/A♭ Minor,4,41dnIJOwEsOdkc3iaj4bix,BE5KW2601088,no
89,"Ghost town...","R3HAB",133,4A,75,2026-07-27,02:44,52,"slap house, edm","Ghost town...",2026-04-03,75,24,0,45,0,20,-6,F Minor,4,38oXrd1MqNYOTdhIpgDYJ1,AEA2D2600512,no
90,"Manchild","Sabrina Carpenter",123,9B,69,2026-07-27,03:33,89,"pop","Man’s Best Friend",2025-08-29,73,10,0,84,0,30,-5,G Major,4,2BwO5K8Q7EPAJSGze3AAh9,USUM72504354,yes
91,"Could Have Been Me","Halsey",80,11A,66,2026-07-27,02:28,74,"","Sing 2 (Original Motion Picture Soundtrack)",2021-12-17,55,0,0,57,0,10,-6,F#/G♭ Minor,4,16nCYYc1lCxCyvaR1lgo0i,USQ4E2101105,no
92,"Gameboy","KATSEYE",120,1B,80,2026-07-27,03:05,83,"k-pop","BEAUTIFUL CHAOS",2025-06-26,72,29,0,70,0,0,-4,B Major,4,0LqbLHWFiy0qTfpk1Q1Ggc,USUM72503467,no
93,"vampire","Olivia Rodrigo",137,7B,53,2026-07-27,03:39,87,"","GUTS",2023-09-08,48,15,0,32,0,20,-6,F Major,4,1kuGVB7EU95pJObxwvfwKS,USUG12304091,yes
94,"Free - Sing-Along","Rumi,Jinu,EJAE,Andrew Choi,KPop Demon Hunters Cast",140,3A,57,2026-07-27,03:07,38,"k-pop","KPop Demon Hunters (Soundtrack from the Netflix Film / Deluxe Version)",2025-09-05,56,4,78,14,0,10,-8,A#/B♭ Minor,4,0Cjw5Ky7o3Teg2vTySLTex,QZ8BZ2514649,no